Time,1st Prediction,2nd Prediction,3rd Prediction,4th Prediction,5th Prediction,6th Prediction
1532653398.0032423,1.1542003154754639,1.1536351442337036,1.1530447006225586,1.1524014472961426,1.1516919136047363,1.1509130001068115
