Time,1st Prediction,2nd Prediction,3rd Prediction,4th Prediction,5th Prediction,6th Prediction
1532648433.1745417,1.145871877670288,1.1470046043395996,1.1476573944091797,1.1478139162063599,1.147513508796692,1.146822214126587
