Value,chicken
1.148741602897644,chicken
1.1501199007034302,chicken
1.1512166261672974,chicken
1.1520469188690186,chicken
1.152632236480713,chicken
1.152998685836792,chicken
