Time,1st Prediction,2nd Prediction,3rd Prediction,4th Prediction,5th Prediction,6th Prediction
1532650696.991289,1.3519654273986816,1.3546464443206787,1.3578768968582153,1.3618053197860718,1.366498589515686,1.3719651699066162
